id,center,ifVoted,password
337308602,1,0,aT@vgW7Y*tV6jS
237453796,3,0,x2oMrz@9U&BK@$
278969986,7,0,n8!34!^VqKVYrL
218789002,10,0,4XNx9@$H57b*U!
253193104,3,0,XwRY3TU%XBw98!
373561078,5,0,UessJMFmfVV##7
220840817,1,0,L#VVnwvxdFbSy4
333245067,7,0,QDgZ6s@x6QRe85
299035020,2,0,RWpYB*x^rh3vCm
244876478,6,0,BLiqXg9be9u^hV
344804218,8,0,67%^%6rtgNnUcB
370336894,1,0,#Y@vSw9u4zBB!h
218596373,3,0,PfU4#HbeEQyr*6
355386901,9,0,aqbBj^Aj4&*8n$
369404865,8,0,6sDNf%%ycSVtfP
345384326,5,0,RQy3gh!xQt%emn
273428684,4,0,a9C%@nxvLn%Y6U
357399706,9,0,N65rn&yeBA3PBe
293132803,3,0,tf7FgE$3b$4VAg
396055646,4,0,!A3s3dmGSN$6cT
